group,meancong1,CorrectM1,RT1match1,CorrectNonM1,RT1non1,CorrectM0,RT1match0,CorrectNonM0,RT1nonmat0
1,2.462186,26,1163,19,1349,11,1265,20,1150
1,2.671307131,16,1062,14,1214,15,547,11,726
1,2.616900143,24,651,13,1140,21,549,19,918
1,2.68589869,21,756,8,886,12,310,0,613
1,2.660211143,33,794,29,1039,32,668,29,793
1,2.878615226,29,686,4,1113,30,690,0,598
1,2.648961786,13,828,12,780,19,682,22,872
1,2.781191,23,834,8,1213,13,1042,9,1031
1,2.452681,30,644,29,641,28,490,32,462
1,2.739710226,33,502,32,775,31,539,32,712
1,2.839357607,8,1122,4,1281,19,1127,9,1176
1,3.154427,25,978,10,1167,19,934,17,1106
1,2.735458595,17,741,0,921,29,628,0,1250
1,2.733087274,29,985,29,1128,30,861,29,1093
1,2.616900143,18,655,27,1284,30,613,9,1030
1,2.839357607,25,802,26,973,28,619,28,757
1,3.002856214,33,600,30,921,31,616,31,696
1,2.781190583,24,634,8,1066,31,508,14,1138
1,2.330452131,33,557,9,1012,30,469,9,837
1,2.533901976,31,1117,32,1054,32,779,30,760
1,2.46218631,32,561,30,597,32,514,32,675
1,2.721086274,25,795.6379,19,903.1429,31,1090,28,1166
1,2.84384281,25,1102,24,1349,25,1059,20,1133
1,2.914543083,28,977,25,1153,15,1065,25,1075
1,2.381088571,32,1058,31,1053,32,755,32,854
1,2.80104767,30,910,25,1033,30,627,30,838
1,2.563202,27,725,21,724,26,501,20,541
1,2.420416214,31,846,32,824,30,523,32,613
1,2.86971669,21,959,22,1247,19,1095,29,750
1,2.750817226,32,561,30,597,32,514,32,675
1,2.564022131,32,800,28,782,11,1063,30,694
1,2.592248869,30,793,18,1043,27,801,8,801
1,2.781190583,21,634,9,790,30,578,13,915
1,2.739710226,28,729,26,1072,26,736,29,847
1,2.803309,27,796,22,890,27,712,21,768
1,2.967314107,27,1084,26,1050,31,904,30,1013
1,2.642825262,14,904,4,844,31,844,3,1179
1,2.78855119,33,693,32,737,30,617,31,678
1,2.616900143,18,721,5,962,25,676,31,480
1,2.467506536,13,991,20,928,27,857,31,882
1,2.719085398,33,717,30,682,31,583,32,565
1,2.564022131,18,1163,8,1171,20,981,19,1104
1,2.508287214,30,442,31,493,31,510,32,598
1,3.118543841,16,976,7,1191,18,942,14,1130
1,2.452191,21,614,30,613,29,490,15,430
1,2.515707012,27,569,19.6182,903.1429,30,569,12,1047
1,2.6420715,28,748,24,851,29,502,17,884
1,2.628806643,28,869,0,613,16,954,17,487
1,2.628806643,28,896,0,577,16,954,19,462
1,2.430648131,33,576,32,577,32,400,32,487
1,2.286930917,33,759,30,907,28,549,5,1037
1,2.520483881,25,654,11,959,30,564,15,1038
1,3.004625952,22,550,9,728,23,681,8,818
1,3.035198345,9,825,11,862,21,697,19,772.3103
1,3.009783417,29,882,20,928,30,617,32,762
1,2.772728964,33,725,27,952,31,681,31,841
1,2.189783417,30,943,25,986,31,709,32,849
1,2.677531913,30,842,30,965,29,679,6,1150
1,2.3304,33,442,20,903.1429,28,350,19,430
2,3.573539,11,1156,18,1219,20,1231,20,1275
2,2.872901619,32,628,30,842,31,411,31,579
2,3.204753,4,798,3,749,6,963,4,463
2,2.573539024,22,700,5,835,14,1090,3,1154
2,3.273539024,24,700,5,835,14,1090,20,1154
2,2.623002,26,629,29,642,30,419,29,469
2,3.2034202,6,975,29,1144,11,419,19,1137
2,2.590413,25,644,29,661,30,449,30,480
2,3.19364244,33,739,21,892,31,579,31,660
2,2.878615226,16,1144,5,1144,11,999,6,1117
2,2.893515286,17,746,14,1014,25,769,26,711
2,2.986238369,27,876,12,1167,12,785,9,1275
2,3.118906071,24,811,22,965,26,617,30,819
2,2.724088952,17,937,13,702,18,926,17,1027
2,2.975573119,27,806,14,1006,27,800,7,1196
2,2.526167905,33,896,30,816,32,632,32,746
2,3.187179155,30,589,17,972,14,0,32,558
2,2.834236024,12,942,4,1219,11,285,3,838
2,3.166357762,12,951,5,1142,17,1017,4,1203
2,2.913211,20,802,20,893,23,701,24,803
2,2.848967071,31,784,29,930,8,1231,23,1038
2,2.430648131,24,667,3,1088,28,619,0,558
2,2.871887107,13,940,3,1068.8,16,872,10,755
2,2.887799488,29,945,26,1060,31,713,32,917
2,2.527509262,23,618,10,737,32,424,31,558
2,2.607152262,31,1088,25,1040,29,856,28,1028
2,3.364984024,22,807.9474,18,875.2716,20,938,15,1175
2,2.6230018,17,629,6,642,30,983,23,469
2,3.181305,1,998,5,1137,10,1015,5,1134
2,2.781190583,33,486,32,528,31,400,31,504
2,3.30052969,29,705,30,843,30,685,27,760
2,2.93645402,21,1024,5,946,4,1132,5,1091
2,2.559472179,32,528,32,604,31,551,31,593
2,3.58464,32,528,32,604,31,551,31,593
2,2.559472179,30,749,29,994,32,763,29,848
2,2.569252524,24,915,28,888,31,444,31,609
2,3.118906071,22,807.9474,17,875.2716,20,746.3421,20,822.8268
2,3.102031,16,987,3,1139.52,8,984,9,1138.42
2,2.559472179,22,1156,26,1084,27,1018,28,951
2,2.430648,33,486,32,1068,20,746.3421,20,822.8268
3,3.432342,1,897.6,17,1170,23,1192,22,1354
3,3.19364244,8,825.6562,16,921.1875,23,1165,22,1364
3,3.28866,10,800,0,1168,14,761,3,709
3,3.252255,10,986,10,1168,12,1033,14,1002
3,3.04777575,16,825.6562,17,921.1875,19,1165,30,683
3,3.669458274,25,920,26,887,19,1034,29,671
3,2.839357607,16,986,3,1170,11,887,5,1003
3,2.685662488,29,554,32,1025,27,706,30,719
3,3.526897321,3,916,10,1133,27,1168,18,1354
3,2.538529131,29,952,27,1036,18,1296,28,817
3,3.324049345,18,876,13,1015,18,614,18,965
3,2.935993786,17,825.6562,16,921.1875,18,631,29,654
3,2.935993786,33,825.6562,17,921.1875,28,731,29,654
3,3.642825262,9,954,10,963,24,1187,22,789.8
3,3.21018,17,971,15,1133,17,956,15,1054
3,3.218593619,33,567,29,695,27,634,30,640
3,3.432451,32,678.9,30,983,19,714,28,893
3,3.526897321,8,765,11,931,23,732,16,1023
3,2.659721821,23,646,27,980,23,837,25,1089
3,3.537243226,7,741,11,850,13,758,18,1454
3,3.218594,17,825.6562,16,921.1875,13,1187,22,1154
